City_ID,City,Lat,Lng,Max Temp,Humidity,Cloudiness,Wind Speed,Country,Date
0,adamstown,-25.066,-130.1015,296.06,87,100,7.91,PN,1699936302
1,masterton,-40.9597,175.6575,290.86,63,70,5.91,NZ,1699936302
2,cloverdale,38.8055,-123.0172,286.89,84,52,0.45,US,1699936303
3,port mathurin,-19.6833,63.4167,298.69,77,1,3.46,MU,1699936303
4,stanley,54.868,-1.6985,281.92,92,20,3.09,GB,1699936304
5,aykhal,66.0,111.5,264.46,94,100,3.9,RU,1699936152
6,tiksi,71.6872,128.8694,259.0,95,100,1.84,RU,1699936304
7,daye,30.0833,114.95,286.74,40,0,0.7,CN,1699936305
8,hawaiian paradise park,19.5933,-154.9731,295.88,94,40,2.06,US,1699936204
9,taiohae,19.5933,-154.9731,295.88,94,40,2.06,US,1699936204
10,tura,25.5198,90.2201,299.96,56,16,0.9,IN,1699936306
11,san jose del cabo,23.0589,-109.6977,300.23,80,0,4.63,MX,1699936307
12,selfoss,63.9331,-20.9971,279.29,76,78,8.2,IS,1699936307
13,zhangye,38.9342,100.4517,279.47,24,61,7.59,CN,1699936307
14,badger,64.8,-147.5333,270.08,91,100,0.0,US,1699936308
15,kolwezi,-10.7148,25.4667,290.26,94,97,0.67,CD,1699936308
16,jamestown,42.097,-79.2353,280.12,68,0,5.66,US,1699936242
17,susuman,62.7833,148.1667,242.01,99,72,0.63,RU,1699936310
18,bethel,41.3712,-73.414,277.94,82,0,1.54,US,1699936156
19,nukunonu,41.3712,-73.414,277.94,82,0,1.54,US,1699936156
20,belyy yar,53.6039,91.3903,276.09,81,0,4.0,RU,1699936311
21,port-aux-francais,-49.35,70.2167,279.4,96,100,14.09,TF,1699936311
22,waitangi,-43.9535,-176.5597,289.16,85,15,2.24,NZ,1699936312
23,fortuna,40.5982,-124.1573,286.44,95,100,0.45,US,1699936312
24,papatowai,-46.5619,169.4708,288.84,56,59,6.96,NZ,1699936107
25,kegeyli shahar,42.7767,59.6078,275.2,33,16,5.68,UZ,1699936313
26,hami,42.8,93.45,279.79,26,67,1.3,CN,1699936313
27,enewetak,11.3474,162.3373,301.54,81,90,8.19,MH,1699936314
28,ushuaia,-54.8,-68.3,273.96,75,0,2.06,AR,1699936314
29,yuzhno-kurilsk,44.0306,145.8556,275.58,80,44,8.83,RU,1699936314
30,revda,56.801,59.9303,275.99,96,100,5.5,RU,1699936315
31,ilulissat,69.2167,-51.1,268.16,68,100,4.12,GL,1699936315
32,olonkinbyen,70.9221,-8.7187,271.82,78,97,4.02,SJ,1699936316
33,qaqortoq,60.7167,-46.0333,267.11,91,96,2.14,GL,1699936316
34,grytviken,-54.2811,-36.5092,274.74,98,100,3.22,GS,1699936316
35,longyearbyen,78.2186,15.6401,262.06,73,40,2.57,SJ,1699936317
36,ribeira grande,38.5167,-28.7,289.69,81,100,1.79,PT,1699936317
37,udachny,66.4167,112.4,266.18,85,100,3.52,RU,1699936317
38,constantia,44.1833,28.65,277.53,65,54,4.69,RO,1699936318
39,bamboo flat,11.7,92.7167,301.2,83,100,2.06,IN,1699936318
40,bandarbeyla,9.4942,50.8122,301.04,76,91,8.07,SO,1699936228
41,kristinestad,62.2743,21.376,269.87,92,100,4.43,FI,1699936319
42,iqaluit,63.7506,-68.5145,255.2,59,0,3.09,CA,1699936319
43,andalgala,-27.5819,-66.3165,285.88,44,0,0.11,AR,1699936250
44,fukuecho,32.6881,128.8419,286.35,62,75,4.12,JP,1699936319
45,sao jose da coroa grande,-8.8978,-35.1478,297.71,87,80,1.65,BR,1699936320
46,avarua,-21.2078,-159.775,296.18,64,40,3.09,CK,1699936120
47,albany,42.6001,-73.9662,274.99,87,72,0.88,US,1699935932
48,college,64.8569,-147.8028,270.12,91,100,0.0,US,1699936101
49,christchurch,-43.5333,172.6333,297.26,38,61,8.23,NZ,1699936091
50,bardai,11.65,7.2333,293.44,18,83,3.42,NG,1699936321
51,kodiak,57.79,-152.4072,278.88,45,75,8.23,US,1699936169
52,arraial do cabo,-22.9661,-42.0278,296.44,92,48,6.86,BR,1699936322
53,wailua homesteads,22.0669,-159.378,300.39,81,20,7.72,US,1699936323
54,olyokminsk,60.3736,120.4264,267.72,86,100,2.47,RU,1699936323
55,lebu,-37.6167,-73.65,281.93,90,33,4.5,CL,1699936324
56,blackmans bay,-43.0167,147.3167,290.78,46,10,0.89,AU,1699936324
57,gadzhiyevo,69.2551,33.3362,264.07,98,95,1.42,RU,1699936325
58,caucete,-31.6518,-68.2811,287.49,31,0,1.28,AR,1699936325
59,urucara,-2.5364,-57.76,299.85,54,75,0.42,BR,1699936326
60,alice springs,-23.7,133.8833,309.9,13,14,3.09,AU,1699936056
61,callao,-12.0667,-77.15,294.1,77,100,4.63,PE,1699936327
62,turpan,42.9333,89.1667,284.39,25,100,0.54,CN,1699936327
63,mata-utu,-13.2816,-176.1745,302.34,75,73,6.34,WF,1699936327
64,papao,-17.75,-149.55,300.97,94,96,8.01,PF,1699936129
65,tanjung sepat,2.6579,101.5629,303.57,70,40,2.57,MY,1699936328
66,margaret river,-33.95,115.0667,294.1,61,98,5.46,AU,1699936329
67,guru har sahai,30.7167,74.4167,297.43,30,5,1.65,IN,1699936329
68,guanare,9.0418,-69.7421,296.62,92,91,1.56,VE,1699936329
69,puerto ayora,-0.7393,-90.3518,296.23,100,73,2.68,EC,1699936330
70,rabo de peixe,37.8,-25.5833,290.88,99,20,1.79,PT,1699936330
71,karratha,-20.7377,116.8463,303.81,36,11,8.7,AU,1699936330
72,laayoune plage,-20.7377,116.8463,303.81,36,11,8.7,AU,1699936330
73,salekhard,66.53,66.6019,256.17,98,100,1.3,RU,1699936331
74,polyarnyy,69.1989,33.4478,264.09,97,95,1.26,RU,1699936332
75,kavieng,-2.5744,150.7967,302.03,67,48,2.15,PG,1699936332
76,nova vicosa,-17.8919,-39.3719,297.45,83,48,6.45,BR,1699936118
77,richards bay,-28.783,32.0377,290.75,78,100,4.69,ZA,1699936085
78,ovalle,-30.5983,-71.2003,289.37,57,0,0.77,CL,1699936153
79,kristiansund,63.1115,7.732,273.51,64,75,2.06,NO,1699936334
80,howrah,22.5892,88.3103,299.15,69,20,2.06,IN,1699936334
81,dudinka,69.4058,86.1778,248.24,95,17,1.44,RU,1699936108
82,kuna,43.4918,-116.4201,285.48,86,0,0.0,US,1699936335
83,geraldton,-28.7667,114.6,299.38,61,40,5.14,AU,1699936270
84,tolanaro,-25.0319,46.9987,298.19,78,20,4.12,MG,1699936335
85,taveta,-3.3963,37.6736,296.27,83,20,1.85,KE,1699936336
86,fitzgerald,31.7149,-83.2526,287.12,87,0,0.0,US,1699936336
87,araguaina,-7.1911,-48.2072,299.95,46,0,0.75,BR,1699936337
88,devils lake,48.1128,-98.8651,279.23,65,0,3.6,US,1699936337
89,camana,-16.6228,-72.7111,291.98,86,35,2.62,PE,1699936337
90,pauini,-7.7136,-66.9764,297.24,89,11,1.21,BR,1699936338
91,sisimiut,66.9395,-53.6735,263.02,75,99,3.7,GL,1699936338
92,touros,-5.1989,-35.4608,299.4,79,81,5.13,BR,1699936338
93,chul'man,56.8479,124.9104,262.29,86,100,0.28,RU,1699936339
94,minas de marcona,-15.2119,-75.1103,286.62,89,66,6.08,PE,1699936339
95,westport,41.1415,-73.3579,279.83,79,0,0.45,US,1699936042
96,edinburgh of the seven seas,-37.0676,-12.3116,286.65,76,12,11.67,SH,1699936340
97,kuybyshev,55.4475,78.3218,275.74,81,99,3.31,RU,1699936340
98,vingt cinq,55.4475,78.3218,275.74,81,99,3.31,RU,1699936340
99,nabire,-3.3667,135.4833,305.77,52,55,2.37,ID,1699936341
100,al kharijah,25.4514,30.5464,294.26,54,1,3.68,EG,1699936341
101,thompson,55.7435,-97.8558,270.24,93,75,1.54,CA,1699936342
102,villa union,23.2,-106.2333,299.77,88,0,0.0,MX,1699936342
103,korop,51.5664,32.9586,274.56,94,9,3.29,UA,1699936342
104,saipan,15.1355,145.701,304.54,66,40,8.75,MP,1699936343
105,oum hadjer,13.2954,19.6966,300.66,31,93,3.91,TD,1699936343
106,puerto natales,-51.7236,-72.4875,273.26,86,81,3.75,CL,1699936304
107,keflavik,64.0049,-22.5624,280.39,65,75,6.69,IS,1699936344
108,sitka,57.0531,-135.33,279.09,81,100,6.69,US,1699936261
109,alofi,-19.0595,-169.9187,298.09,22,100,3.6,NU,1699936345
110,labytnangi,66.6572,66.4183,255.67,99,100,0.93,RU,1699936130
111,sonsorol village,66.6572,66.4183,255.67,99,100,0.93,RU,1699936130
112,port lincoln,-34.7333,135.8667,290.68,67,58,4.37,AU,1699936178
113,fayzabad,37.1166,70.58,286.44,19,0,2.83,AF,1699936346
114,punta arenas,-53.15,-70.9167,276.21,70,20,8.23,CL,1699936113
115,taro,-8.3862,115.28,297.15,64,66,2.39,ID,1699936347
116,anadyr,64.75,177.4833,258.43,77,4,11.62,RU,1699936347
117,el porvenir,13.7617,-87.3458,296.78,94,100,2.32,HN,1699936348
118,hailey,43.5196,-114.3153,275.07,60,0,4.63,US,1699936348
119,bredasdorp,-34.5322,20.0403,289.03,78,48,6.78,ZA,1699936349
120,shimoda,34.6667,138.95,290.35,68,76,1.8,JP,1699936349
121,sinop,41.7711,34.8709,283.08,94,100,4.82,TR,1699936191
122,hampton bays,40.869,-72.5176,280.32,82,0,0.89,US,1699936350
123,ola,59.5833,151.2833,258.23,73,73,5.2,RU,1699936350
124,vorgashor,67.5833,63.95,261.74,87,100,4.22,RU,1699936350
125,afaahiti,-17.75,-149.2833,300.08,90,96,6.7,PF,1699936351
126,weno,7.4515,151.8468,304.12,74,75,2.06,FM,1699936351
127,uvira,-3.4067,29.1458,296.68,83,85,1.74,CD,1699936352
128,mugia,43.1041,-9.2179,291.99,92,100,12.93,ES,1699936352
129,haiku-pauwela,20.9219,-156.3051,298.17,68,40,6.69,US,1699936125
130,hermanus,-34.4187,19.2345,288.72,78,66,7.14,ZA,1699936353
131,hamilton,39.1834,-84.5333,283.13,56,0,0.89,US,1699936186
132,kolonia town,6.964,158.206,303.21,79,100,1.54,FM,1699936353
133,north bend,43.4065,-124.2243,285.29,93,0,0.0,US,1699936354
134,utrik,11.2278,169.8474,301.18,80,100,8.23,MH,1699936354
135,lazaro cardenas,17.9583,-102.2,299.22,83,26,1.42,MX,1699936355
136,port moresby,-9.4431,147.1797,303.83,51,40,5.14,PG,1699936136
137,ballina,-28.8667,153.5667,300.25,73,36,6.78,AU,1699936356
138,yarmouth,41.7057,-70.2286,277.18,79,100,2.24,US,1699936357
139,banda aceh,5.5577,95.3222,299.52,87,100,3.92,ID,1699936357
140,saudarkrokur,65.7461,-19.6394,271.57,83,11,4.27,IS,1699936145
141,kayangel,8.0823,134.7173,301.27,79,79,6.28,PW,1699936358
142,karaton,-6.3424,106.1045,303.65,66,97,0.98,ID,1699936358
143,antsiranana,-12.2787,49.2917,301.57,69,40,4.12,MG,1699936079
144,chonchi,-42.6128,-73.8092,276.71,91,83,1.45,CL,1699936359
145,fuvahmulah,-42.6128,-73.8092,276.71,91,83,1.45,CL,1699936359
146,dakhla,23.6848,-15.958,295.19,49,77,4.31,EH,1699936359
147,salalah,17.0151,54.0924,300.2,89,40,1.54,OM,1699936360
148,klyuchi,52.2667,79.1667,277.77,78,93,4.04,RU,1699936360
149,mahdia,35.5047,11.0622,288.12,60,5,3.51,TN,1699936360
150,san julian,21.0167,-102.1667,290.41,62,92,3.26,MX,1699936361
151,cristalina,-16.7686,-47.6136,294.44,35,0,0.9,BR,1699936361
152,luba,3.4568,8.5547,297.09,81,63,0.18,GQ,1699936361
153,isafjordur,66.0755,-23.124,274.54,84,42,3.1,IS,1699936362
154,santa isabel,-23.3156,-46.2214,296.76,77,60,0.79,BR,1699936362
155,nuuk,64.1835,-51.7216,270.49,86,100,4.63,GL,1699936362
156,mikhaylovskoye,51.8239,79.7172,276.7,79,95,3.93,RU,1699936363
157,alotau,51.8239,79.7172,276.7,79,95,3.93,RU,1699936363
158,bonthe,7.5264,-12.505,298.47,89,74,1.66,SL,1699936363
159,opuwo,-18.0607,13.84,298.26,28,65,1.43,NA,1699936364
160,polyarnyye zori,67.3661,32.4981,260.36,99,99,1.78,RU,1699936364
161,ancud,-41.8697,-73.8203,278.84,71,31,3.3,CL,1699936251
162,holualoa,19.6228,-155.9522,298.06,79,75,2.06,US,1699936182
163,san pedro,14.35,121.0167,306.1,62,40,5.66,PH,1699936299
164,ust-nera,64.5667,143.2,244.71,98,55,2.41,RU,1699936116
165,dongcun,36.7767,121.1597,282.3,26,100,2.99,CN,1699936366
166,ziro,27.6333,93.8333,286.56,29,12,0.5,IN,1699936366
167,lushun,38.8,121.2667,283.27,55,88,6.8,CN,1699936366
168,petropavlovsk-kamchatsky,53.0452,158.6483,270.07,74,0,12.52,RU,1699936105
169,borogontsy,62.6683,131.1683,252.42,97,95,1.44,RU,1699936367
170,hauterive,46.0901,3.4459,291.57,86,100,3.35,FR,1699936367
171,marsabit,2.3284,37.9899,291.39,90,100,3.83,KE,1699936368
172,pangody,65.85,74.4859,258.91,95,100,4.46,RU,1699936368
173,taroa,8.7058,171.2275,300.54,82,90,7.2,MH,1699936368
174,road town,18.4167,-64.6167,300.2,72,3,8.2,VG,1699936368
175,bol'sherech'ye,56.0925,74.6272,275.68,84,98,4.93,RU,1699936369
176,nova sintra,14.8667,-24.7167,296.87,71,99,5.31,CV,1699936369
177,huruta,8.15,39.35,290.23,77,54,4.44,ET,1699936369
178,mahina,-17.5065,-149.489,301.02,83,75,4.12,PF,1699936370
179,iskateley,67.6803,53.1512,265.38,96,100,4.02,RU,1699936370
180,west island,-12.1568,96.8225,302.14,70,6,5.66,CC,1699936370
181,portland,45.5234,-122.6762,282.34,91,0,1.79,US,1699935850
182,lihue,21.9789,-159.3672,300.73,75,20,7.72,US,1699936371
183,novaya ladoga,60.1025,32.3019,273.77,98,100,3.07,RU,1699936371
184,nar'yan-mar,67.6713,53.087,265.43,96,100,4.02,RU,1699936186
185,kiunga,-6.1219,141.2906,307.29,44,76,1.25,PG,1699936195
186,tobi village,-6.1219,141.2906,307.29,44,76,1.25,PG,1699936195
187,mount isa,-20.7333,139.5,312.02,13,0,7.72,AU,1699936245
188,armacao de buzios,-22.7469,-41.8817,296.34,93,45,6.03,BR,1699936373
189,ta`u,-14.2336,-169.5144,300.66,81,66,5.21,AS,1699936373
190,takamaka,-14.2336,-169.5144,300.66,81,66,5.21,AS,1699936373
191,san andres,12.5847,-81.7006,299.16,94,20,2.06,CO,1699936374
192,laguna,38.421,-121.4238,287.77,78,0,2.06,US,1699936374
193,invercargill,-46.4,168.35,282.05,91,90,9.39,NZ,1699936375
194,vilyuchinsk,52.9306,158.4028,270.89,71,100,2.69,RU,1699936079
195,nouadhibou,20.931,-17.0347,293.14,56,24,5.14,MR,1699936375
196,hilo,19.7297,-155.09,296.0,92,40,2.06,US,1699936301
197,lorengau,-2.0226,147.2712,302.2,71,81,3.14,PG,1699936376
198,tyukhtet,56.5389,89.3011,269.93,78,74,3.81,RU,1699936376
199,qianjiang,30.4151,112.8859,287.01,33,0,1.17,CN,1699936376
200,lampazos de naranjo,27.0167,-100.5167,287.83,96,100,3.08,MX,1699936291
201,safonovo,55.15,33.2167,275.26,97,100,5.35,RU,1699936377
202,pelabuhanratu,-6.9875,106.5514,303.03,72,98,1.81,ID,1699936377
203,nemuro,43.3236,145.575,278.37,51,16,9.84,JP,1699936101
204,fort bragg,35.139,-79.006,281.73,87,0,0.0,US,1699936135
205,kupang,-10.1667,123.5833,303.47,84,75,3.09,ID,1699936378
206,ibra',-10.1667,123.5833,303.47,84,75,3.09,ID,1699936378
207,codrington,-38.2667,141.9667,289.16,61,100,4.97,AU,1699936379
208,molina,-35.1167,-71.2833,285.0,71,32,4.12,CL,1699936380
209,east london,-33.0153,27.9116,287.67,94,75,1.54,ZA,1699936380
210,pibor,-33.0153,27.9116,287.67,94,75,1.54,ZA,1699936380
211,colares,38.7992,-9.4469,289.44,92,56,4.02,PT,1699936381
212,broken hill,-31.95,141.4333,301.44,21,69,3.31,AU,1699936267
213,new norfolk,-42.7826,147.0587,291.44,27,4,2.59,AU,1699936381
214,padre paraiso,-17.0742,-41.4844,293.74,63,5,1.07,BR,1699936382
215,devinuwara,-17.0742,-41.4844,293.74,63,5,1.07,BR,1699936382
216,praia da vitoria,38.7333,-27.0667,289.68,94,20,2.72,PT,1699936383
217,madinat ash shamal,26.1293,51.2009,299.98,50,0,0.36,QA,1699936384
218,saint-pierre,-21.3393,55.4781,299.97,47,52,2.57,RE,1699936384
219,flying fish cove,-10.4217,105.6791,300.97,74,100,4.63,CX,1699936385
220,kantagi,43.5264,68.5775,283.34,35,1,4.64,KZ,1699936385
221,goldenstedt,52.7883,8.432,285.27,84,91,11.87,DE,1699936386
222,arapgir,39.0412,38.4952,283.86,98,100,2.52,TR,1699936386
223,sandnessjoen,66.0217,12.6316,260.44,61,34,4.23,NO,1699936387
224,fonadhoo,66.0217,12.6316,260.44,61,34,4.23,NO,1699936387
225,olgii,66.0217,12.6316,260.44,61,34,4.23,NO,1699936387
226,chikwawa,-16.0335,34.8009,297.31,69,62,2.79,MW,1699936388
227,nagqu,31.5,92.0,274.18,22,100,2.95,CN,1699936388
228,baiyin,36.5583,104.2081,281.1,36,0,1.53,CN,1699936389
229,georgetown,5.4112,100.3354,304.11,74,20,3.09,MY,1699936389
230,inirida,3.8653,-67.9239,296.88,96,100,0.49,CO,1699936389
231,saldanha,-33.0117,17.9442,292.18,66,16,2.88,ZA,1699936189
232,mejit,10.2753,170.8646,300.27,84,98,6.0,MH,1699936390
233,kujang-up,39.8672,126.0303,278.38,42,100,1.4,KP,1699936391
234,ivolginsk,51.7492,107.2837,268.96,68,40,1.0,RU,1699936391
235,la'ie,21.6477,-157.9253,300.13,74,52,2.24,US,1699936392
236,acarau,-2.8856,-40.12,299.29,79,81,5.84,BR,1699936392
237,broome,42.2506,-75.833,276.93,82,16,0.89,US,1699936132
238,puerto aysen,-45.4,-72.7,275.35,99,100,2.34,CL,1699936393
239,alaghsas,17.0187,8.0168,295.53,16,2,4.85,NE,1699936393
240,riohacha,11.5444,-72.9072,300.78,81,82,5.64,CO,1699936394
241,esil,51.9556,66.4042,277.38,73,100,7.6,KZ,1699936394
242,levuka,50.1834,-105.4011,276.99,57,17,6.06,CA,1699936394
243,kinmparana,12.8402,-4.9199,297.17,17,5,3.0,ML,1699936395
244,balkanabat,39.5108,54.3671,293.89,26,6,3.02,TM,1699936395
245,dongola,19.1667,30.4833,299.24,35,90,5.34,SD,1699936163
246,imbituba,-28.24,-48.6703,297.51,97,100,0.37,BR,1699936396
247,tazovsky,67.4667,78.7,255.34,98,61,3.68,RU,1699936340
248,tahoua,14.8888,5.2692,295.14,18,0,4.12,NE,1699936397
249,sampit,-2.5333,112.95,306.12,58,85,1.11,ID,1699936398
250,kruisfontein,-34.0033,24.7314,287.95,70,29,4.39,ZA,1699936398
251,guerrero negro,27.9769,-114.0611,293.24,60,100,3.78,MX,1699936399
252,milove,49.3787,40.1302,277.89,78,100,1.47,UA,1699936399
253,khomeyn,33.6423,50.0789,286.36,24,47,1.06,IR,1699936399
254,tabou,4.423,-7.3528,298.77,87,7,1.77,CI,1699936400
255,'ohonua,4.423,-7.3528,298.77,87,7,1.77,CI,1699936400
256,pasuquin,18.3328,120.6177,306.12,55,75,6.17,PH,1699936401
257,arenapolis,-14.4503,-56.8461,299.57,57,92,1.86,BR,1699936402
258,belmonte,-15.8631,-38.8828,296.96,84,10,4.34,BR,1699936402
259,ust'-kulom,61.6864,53.6902,275.53,99,100,3.31,RU,1699936403
260,bilibino,68.0546,166.4372,243.92,100,100,0.77,RU,1699936403
261,rabaul,-4.1967,152.1721,301.47,69,24,3.07,PG,1699936404
262,cuito,-12.3833,16.9333,289.71,88,70,1.43,AO,1699936404
263,hualien city,23.9769,121.6044,294.6,88,87,3.51,TW,1699936405
264,tofol,5.3248,163.0078,301.03,83,75,4.63,FM,1699936405
265,salinopolis,-0.6136,-47.3561,298.86,82,70,3.7,BR,1699936405
266,uturoa,-16.7333,-151.4333,300.1,84,65,8.34,PF,1699936115
267,najran,17.4924,44.1277,289.51,44,20,1.35,SA,1699936406
268,yellowknife,62.456,-114.3525,269.44,86,100,5.66,CA,1699936407
269,brookings,44.3114,-96.7984,284.47,43,0,6.17,US,1699936398
270,zhezqazghan,47.7833,67.7667,273.47,93,20,6.0,KZ,1699936408
271,doka,13.5167,35.7667,299.81,49,2,4.19,SD,1699936408
272,st. john's,47.5649,-52.7093,273.23,82,100,2.06,CA,1699936208
273,mount pearl,47.5166,-52.7813,272.77,82,100,2.06,CA,1699936409
274,ilhabela,-23.7781,-45.3581,297.33,94,47,1.98,BR,1699936274
275,chibougamau,49.9168,-74.3659,267.94,93,100,3.09,CA,1699936410
276,angaur state,6.906,134.13,301.5,76,89,4.2,PW,1699936410
277,pathein,16.7833,94.7333,303.27,69,97,4.56,MM,1699936411
278,labrador city,52.9463,-66.9114,263.1,92,100,1.03,CA,1699936149
279,priladozhskiy,59.85,31.4833,272.33,1,100,2.93,RU,1699936412
280,tidjikja,18.5564,-11.4271,296.3,16,6,5.9,MR,1699936412
281,tyumentsevo,53.3224,81.498,276.45,88,99,3.46,RU,1699936413
282,awjilah,29.1081,21.2869,290.58,89,0,3.77,LY,1699936413
283,malvan,16.0667,73.4667,302.31,51,97,1.37,IN,1699936414
284,arar,30.9753,41.0381,291.16,39,75,2.06,SA,1699936414
285,santa cruz,-17.8,-63.1667,300.85,78,40,4.12,BO,1699936415
286,kunyang,27.6658,120.5658,288.84,43,74,1.91,CN,1699936415
287,luena,-11.7833,19.9167,293.25,83,0,2.06,AO,1699936416
288,deschutes river woods,43.9915,-121.3584,279.64,79,0,2.57,US,1699936416
289,santa terezinha,-29.9002,-50.0904,293.36,97,100,0.86,BR,1699936417
290,tupiza,-21.45,-65.7167,289.45,25,0,1.8,BO,1699936417
291,princeville,45.7668,-61.2985,275.01,90,100,0.0,CA,1699936417
292,lautoka,-17.6167,177.4667,304.07,66,100,4.12,FJ,1699936418
293,wamba,8.9333,8.6,297.37,39,93,0.8,NG,1699936418
294,asau village,8.9333,8.6,297.37,39,93,0.8,NG,1699936418
295,whitehorse,60.7161,-135.0538,267.58,85,75,2.06,CA,1699936419
296,nasiriyah,31.0521,46.261,297.06,32,0,3.0,IQ,1699936420
297,balikpapan,-1.2675,116.8289,304.7,62,20,1.54,ID,1699936420
298,norderney,53.7,7.15,284.29,97,95,18.77,DE,1699936420
299,port alfred,-33.5906,26.891,287.69,93,64,7.18,ZA,1699936421
300,rodez,44.5,2.5833,288.32,94,100,1.54,FR,1699936421
301,balabac,7.9868,117.0645,302.98,72,77,5.46,PH,1699936422
302,singarayakonda,15.25,80.0333,299.71,74,100,4.52,IN,1699936422
303,manadhoo,5.7667,73.3833,300.57,74,32,0.16,MV,1699936423
304,carnarvon,-24.8667,113.6333,296.47,62,86,5.05,AU,1699936239
305,maffra,-37.9667,146.9833,291.89,46,100,1.82,AU,1699936423
306,colonia,50.9333,6.95,286.0,75,75,6.69,DE,1699936424
307,kailua-kona,19.6406,-155.9956,300.13,79,75,2.06,US,1699936198
308,manokwari,-0.8667,134.0833,301.69,76,85,1.95,ID,1699936397
309,eregli,37.5133,34.0467,284.64,61,95,1.54,TR,1699936173
310,ouallam,14.3188,2.0866,295.46,16,0,4.56,NE,1699936427
311,placido de castro,-10.3353,-67.1856,298.14,80,23,1.13,BR,1699936427
312,kudahuvadhoo,2.6708,72.8944,300.8,74,61,1.8,MV,1699936428
313,swakopmund,-22.6833,14.5333,288.62,83,77,1.84,NA,1699936277
314,vila velha,-20.3297,-40.2925,298.12,87,0,6.69,BR,1699936428
315,taltal,-25.4,-70.4833,289.3,75,43,1.0,CL,1699936429
316,gorgoram,12.6398,10.7039,298.73,21,97,3.57,NG,1699936429
317,nadi,-17.8,177.4167,304.15,66,100,4.12,FJ,1699936429
318,jinchang,38.4953,102.1739,279.8,24,7,5.83,CN,1699936430
319,kone,-21.0595,164.8658,298.84,51,6,4.08,NC,1699936430
320,coyhaique,-45.5752,-72.0662,274.49,86,75,0.51,CL,1699936431
321,sao vicente,-23.9631,-46.3919,302.19,26,66,0.89,BR,1699936431
322,cabo san lucas,22.8909,-109.9124,300.24,64,20,1.66,MX,1699936195
323,letterkenny,54.95,-7.7333,281.37,95,100,3.04,IE,1699936432
324,sibolga,1.7427,98.7792,299.58,82,100,2.55,ID,1699936432
325,ulsteinvik,62.3432,5.8487,275.24,77,2,1.34,NO,1699936432
326,robbah,33.2797,6.9098,285.95,48,0,1.66,DZ,1699936433
327,puerto deseado,-47.7503,-65.8938,280.79,53,92,10.02,AR,1699936433
328,fort mcmurray,56.7268,-111.381,269.92,93,100,0.0,CA,1699936300
329,egilsstadir,65.2653,-14.3948,276.1,93,75,1.54,IS,1699936434
330,piti village,13.4626,144.6933,304.64,74,20,9.77,GU,1699936434
331,mount gambier,-37.8333,140.7667,290.98,49,100,3.82,AU,1699936217
332,acapulco de juarez,16.8634,-99.8901,302.05,79,0,3.09,MX,1699936435
333,saint-philippe,-21.3585,55.7679,299.92,75,61,3.63,RE,1699936435
334,kirakira,-10.4544,161.9205,300.08,80,86,2.5,SB,1699936435
335,nishinoomote,30.7333,131.0,289.46,63,40,4.12,JP,1699936436
336,taunggyi,20.7833,97.0333,296.77,58,99,2.11,MM,1699936436
337,jolo,6.05,121.0167,302.32,76,59,1.53,PH,1699936436
338,bodo,67.28,14.405,270.25,51,0,9.26,NO,1699936437
339,tacuarembo,-31.7333,-55.9833,289.03,98,100,2.83,UY,1699936437
340,greenville,35.6127,-77.3663,278.16,100,0,0.0,US,1699936398
341,chernyshevskiy,63.0128,112.4714,265.24,94,100,3.54,RU,1699936437
342,timmins,48.4669,-81.3331,274.05,93,100,3.09,CA,1699936438
343,tibati,6.4667,12.6333,292.6,88,85,1.21,CM,1699936438
344,tamanrasset,22.785,5.5228,291.1,24,0,5.66,DZ,1699936438
345,shache,38.4167,77.2406,283.81,21,65,1.36,CN,1699936439
346,mulchen,-37.7167,-72.2333,278.09,97,38,1.66,CL,1699936439
347,loudun,47.0079,0.083,287.25,86,100,4.79,FR,1699936426
348,dhrosia,47.0079,0.083,287.25,86,100,4.79,FR,1699936426
349,okhotsk,59.3833,143.3,258.8,77,70,6.2,RU,1699936440
350,svay rieng,11.0879,105.7993,304.64,60,78,3.58,KH,1699936440
351,kill devil hills,36.0307,-75.676,283.16,84,0,1.54,US,1699936441
352,petawawa,45.9001,-77.3328,273.03,93,100,3.33,CA,1699936441
353,el granada,37.5027,-122.4694,287.94,79,100,4.12,US,1699936441
354,fonte boa,-2.4959,-66.2662,298.01,80,79,0.43,BR,1699936442
355,fort frances,48.5999,-93.4003,276.51,77,100,3.09,CA,1699936442
356,sinabang,2.4803,96.3801,298.88,86,100,2.49,ID,1699936443
357,aasiaat,68.7098,-52.8699,261.71,82,100,0.92,GL,1699936443
358,kish,26.5578,54.0194,298.3,73,0,3.09,IR,1699936444
359,umm ruwaba,12.9061,31.2158,302.41,28,39,3.65,SD,1699936444
360,jalai nur,49.45,117.7,268.93,66,15,3.36,CN,1699936445
361,dunedin,-45.8742,170.5036,286.42,83,99,3.61,NZ,1699936445
362,gagliano del capo,39.8442,18.3695,289.83,77,64,1.03,IT,1699936445
363,snyder,32.7179,-100.9176,284.26,87,100,0.0,US,1699936446
364,sirte,31.2089,16.5887,295.35,67,80,4.85,LY,1699936446
365,calvi,42.5,8.8333,292.5,43,0,7.72,FR,1699936447
366,luderitz,-26.6481,15.1594,289.05,75,0,2.49,NA,1699936188
367,ghat,24.9647,10.1728,289.91,46,0,1.86,LY,1699936182
368,quibdo,5.6947,-76.6611,297.64,98,70,0.85,CO,1699936448
369,merizo village,13.2658,144.6691,304.46,84,20,8.87,GU,1699936448
370,hit,33.6416,42.8251,295.6,30,94,2.76,IQ,1699936449
371,murashi,59.3999,48.9615,275.05,92,100,4.55,RU,1699936450
372,namibe,-15.1961,12.1522,295.35,70,93,2.0,AO,1699936450
373,khovd,48.0056,91.6419,270.69,74,100,1.26,MN,1699936197
374,nangomba,-10.9,38.5,299.85,74,72,1.36,TZ,1699936451
375,skikda,36.8762,6.9092,290.67,60,3,1.73,DZ,1699936409
376,am djarass,36.8762,6.9092,290.67,60,3,1.73,DZ,1699936409
377,norilsk,69.3535,88.2027,250.8,96,73,2.18,RU,1699936199
378,atafu village,-8.5421,-172.5159,299.85,86,100,3.1,TK,1699936452
379,pedro ii,-4.4247,-41.4586,293.05,86,45,0.79,BR,1699936453
380,port-gentil,-0.7193,8.7815,299.51,85,91,3.6,GA,1699936453
381,correntina,-13.3433,-44.6367,296.71,36,0,1.21,BR,1699936454
382,el calafate,-50.3408,-72.2768,275.47,67,78,3.78,AR,1699936454
383,impfondo,1.6381,18.0667,294.65,99,73,0.87,CG,1699936184
384,grand falls-windsor,48.9332,-55.6649,271.21,85,16,1.69,CA,1699936455
385,kalemie,-5.9475,29.1947,294.74,88,71,1.02,CD,1699936456
386,yangor,-5.9475,29.1947,294.74,88,71,1.02,CD,1699936456
387,hovd,48.0056,91.6419,270.69,74,100,1.26,MN,1699936197
388,nizhnesortymskiy,62.4397,71.7603,265.45,93,100,8.65,RU,1699936457
389,puerto san carlos,62.4397,71.7603,265.45,93,100,8.65,RU,1699936457
390,gisborne,-38.6533,178.0042,291.21,57,98,5.95,NZ,1699936458
391,tobruk,32.0836,23.9764,294.14,68,19,6.9,LY,1699936458
392,yelizovo,53.1873,158.3805,270.82,68,0,0.0,RU,1699936459
393,an nuhud,12.7,28.4333,300.43,31,16,7.23,SD,1699936459
394,can-avid,11.9953,125.4472,300.91,88,100,2.87,PH,1699936460
395,kambarka,56.2694,54.2062,277.4,87,100,5.6,RU,1699936460
396,bel ombre,-4.6167,55.4167,303.06,74,40,5.14,SC,1699936461
397,bikenibeu village,1.3673,173.1241,300.13,94,75,10.29,KI,1699936461
398,mazagao,-0.115,-51.2894,301.18,93,100,1.76,BR,1699936461
399,batroun,34.2553,35.6581,292.34,93,60,2.32,LB,1699936462
400,gbadolite,4.2833,21.0167,294.89,97,100,2.54,CD,1699936463
401,pitea,65.3172,21.4794,259.2,92,100,4.52,SE,1699936463
402,kingisepp,59.3733,28.6134,275.03,98,100,1.61,RU,1699936464
403,kourou,5.1552,-52.6478,298.18,90,17,2.5,GF,1699936464
404,altar,30.7,-111.8167,293.29,38,82,0.32,MX,1699936464
405,illizi,26.4833,8.4667,288.04,39,1,2.67,DZ,1699936465
406,aitape,-3.1374,142.3475,302.15,74,99,1.39,PG,1699936465
407,lompoc,34.6391,-120.4579,286.44,87,0,3.6,US,1699936226
408,chilecito,-29.1619,-67.4974,288.8,28,0,2.01,AR,1699936466
409,riacho de santana,-13.6092,-42.9389,296.7,39,0,2.15,BR,1699936466
410,panji,-7.7253,114.0995,305.37,56,81,4.59,ID,1699936467
411,wad az zaki,14.4619,32.2065,302.83,25,44,5.8,SD,1699936467
412,bayramaly,37.6185,62.1671,283.01,33,29,6.05,TM,1699936468
413,vylkove,45.4021,29.586,279.67,55,15,4.33,UA,1699936468
414,shiguai,40.7058,110.2856,275.21,24,0,2.16,CN,1699936469
415,we,40.7058,110.2856,275.21,24,0,2.16,CN,1699936469
416,newman,37.3138,-121.0208,286.09,75,30,2.44,US,1699936470
417,porto novo,6.4965,2.6036,298.05,88,5,0.3,BJ,1699936470
418,la passe,45.5549,-0.8967,288.28,88,100,4.41,FR,1699936471
419,hammerfest,70.6634,23.6821,272.4,93,75,0.0,NO,1699936471
420,soio,-6.1349,12.3689,298.9,90,86,2.15,AO,1699936472
421,mora,11.0461,14.1401,298.31,41,96,2.01,CM,1699936472
422,boa viagem,-5.1275,-39.7322,296.58,80,77,2.22,BR,1699936472
423,kerikeri,-35.2268,173.9474,287.0,93,100,3.52,NZ,1699936473
424,miri,4.4148,114.0089,305.23,66,40,2.57,MY,1699936474
425,lebowakgomo,-24.2,29.5,288.65,77,91,4.29,ZA,1699936474
426,vila franca do campo,37.7167,-25.4333,291.38,99,82,1.96,PT,1699936475
427,kapuskasing,49.4169,-82.4331,274.2,93,100,4.12,CA,1699936475
428,pavlodar,52.3,76.95,276.04,93,75,4.0,KZ,1699936476
429,ibshaway,29.358,30.6814,292.7,74,0,2.05,EG,1699936476
430,zahedan,29.4963,60.8629,289.1,36,0,0.0,IR,1699936477
431,marsh harbour,26.5412,-77.0636,298.37,78,100,4.86,BS,1699936477
432,souillac,-20.5167,57.5167,298.36,78,40,3.6,MU,1699936477
433,lupane,-18.9315,27.807,296.67,48,13,5.21,ZW,1699936478
434,lhokseumawe,5.1801,97.1507,300.27,81,100,1.71,ID,1699936478
435,gimbi,9.1667,35.8333,288.85,87,35,0.55,ET,1699936479
436,tenenkou,14.4572,-4.9169,296.8,14,0,4.05,ML,1699936479
437,corfu,39.62,19.9197,286.93,87,0,0.0,GR,1699936480
438,solnechnyy,50.7214,136.6319,262.06,74,28,1.78,RU,1699936480
439,al hudaydah,14.7978,42.9545,301.63,65,89,6.08,YE,1699936481
440,adrar,20.5022,-10.0711,294.33,21,28,4.91,MR,1699936481
441,san juan,-31.5375,-68.5364,289.25,27,0,1.37,AR,1699936482
442,jacksonville beach,30.2947,-81.3931,292.62,89,100,4.12,US,1699936249
443,joetsu,37.1483,138.2364,284.88,79,75,5.03,JP,1699936483
444,orkney,-26.9802,26.6727,292.36,62,0,6.54,ZA,1699936483
445,vadso,70.0744,29.7487,270.24,93,75,5.14,NO,1699936483
446,sevilla,37.3824,-5.9761,289.31,89,0,2.24,ES,1699936451
447,bam,29.106,58.357,294.62,20,94,0.92,IR,1699936484
448,la ronge,55.1001,-105.2842,274.29,75,100,5.14,CA,1699936485
449,tutong,4.8,114.65,305.2,71,96,1.81,BN,1699936485
450,port saint john's,-31.6229,29.5448,290.11,73,97,1.92,ZA,1699936486
451,vilyuysk,63.7553,121.6247,262.69,94,100,2.38,RU,1699936486
452,camargo,27.6667,-105.1667,288.39,68,77,2.16,MX,1699936487
453,kerrville,30.0474,-99.1403,285.82,98,100,3.09,US,1699936487
454,nandu,22.8525,110.8233,293.55,64,30,2.53,CN,1699936487
455,port elizabeth,-33.918,25.5701,290.55,78,75,5.14,ZA,1699936488
456,corumba,-19.0092,-57.6533,301.66,49,41,1.3,BR,1699936488
457,rio negrinho,-26.2544,-49.5183,292.23,99,92,0.91,BR,1699936266
458,aral,40.5156,81.2636,282.06,29,0,2.68,CN,1699936489
459,neryungri,56.6709,124.6491,263.56,81,100,0.31,RU,1699936489
460,bodaybo,57.8506,114.1933,269.83,93,100,1.55,RU,1699936344
461,port augusta,-32.5,137.7667,301.31,32,40,7.66,AU,1699936490
462,mossel bay,-34.1831,22.146,286.11,77,16,5.91,ZA,1699936490
463,khanbari,27.3747,87.2039,296.45,49,27,1.49,NP,1699936491
464,kingston,17.997,-76.7936,301.68,81,20,1.54,JM,1699936491
465,dazhong,33.1997,120.4578,284.98,42,0,2.91,CN,1699936492
466,salym,60.0625,71.4789,271.77,94,100,5.68,RU,1699936492
467,tengrela,10.4869,-6.4097,293.93,42,82,1.0,CI,1699936492
468,strathalbyn,-35.2667,138.9,293.65,81,97,3.0,AU,1699936493
469,inari,68.906,27.0288,252.26,97,26,1.24,FI,1699936493
470,okahandja,-21.9833,16.9167,298.88,32,83,3.67,NA,1699936493
471,saurimo,-9.6608,20.3916,291.73,91,85,0.89,AO,1699936494
472,pacasmayo,-7.4006,-79.5714,292.51,85,24,5.76,PE,1699936494
473,guiuan,11.0333,125.7247,302.08,75,77,3.27,PH,1699936495
474,san-pedro,4.7485,-6.6363,298.28,89,60,0.86,CI,1699936495
475,thunder bay,48.4001,-89.3168,269.14,93,20,1.54,CA,1699936398
476,yalihuyuk,37.3008,32.0855,283.48,92,100,1.16,TR,1699936497
477,fale old settlement,-9.3852,-171.2468,299.94,82,100,0.8,TK,1699936497
478,kargasok,59.0556,80.8572,264.24,94,84,2.68,RU,1699936498
479,durban,-29.8579,31.0292,289.66,73,100,3.94,ZA,1699936498
480,lillehammer,61.1146,10.4674,265.29,97,89,1.57,NO,1699936498
481,caleta de carquin,-11.0925,-77.6267,292.22,90,32,5.16,PE,1699936499
482,ulsan,35.5372,129.3167,286.94,28,1,0.98,KR,1699936334
483,lodja,-3.4833,23.4333,294.37,100,100,1.16,CD,1699936499
484,praya,14.9215,-23.5087,298.45,65,0,6.17,CV,1699936500
485,al jawf,29.5,38.75,292.99,58,0,2.46,SA,1699936500
486,talnakh,69.4865,88.3972,250.97,94,42,1.82,RU,1699936403
487,dadonghai,69.4865,88.3972,250.97,94,42,1.82,RU,1699936403
488,nadym,65.5333,72.5167,260.49,91,100,5.68,RU,1699936501
489,vorkuta,67.5,64.0,262.19,87,100,3.94,RU,1699936502
490,iwanai,42.9744,140.5089,277.07,73,99,3.72,JP,1699936502
491,taulaga,-11.0553,-171.0883,301.53,76,100,1.99,AS,1699936247
492,hadibu,12.65,54.0333,300.56,80,74,5.07,YE,1699936504
493,osorno,-40.5667,-73.15,276.32,93,0,1.54,CL,1699936504
494,rodino,52.5,80.25,277.3,83,93,4.47,RU,1699936505
495,happy valley-goose bay,53.3168,-60.3315,267.32,73,40,3.6,CA,1699936505
496,nizhnyaya poyma,56.1622,97.1933,273.72,95,100,5.49,RU,1699936506
497,zaozersk,69.4005,32.4476,260.14,100,94,1.31,RU,1699936506
498,carthage,36.8611,10.3316,289.89,67,20,3.09,TN,1699936507
499,bhawanipatna,19.9,83.1667,300.7,48,67,2.41,IN,1699936507
500,san jose del guaviare,2.5729,-72.6459,296.59,97,53,0.69,CO,1699936508
501,feijo,-8.1642,-70.3536,296.34,97,39,0.99,BR,1699936509
502,dapa,9.7594,126.0531,302.58,68,32,0.64,PH,1699936509
503,alo,7.4178,6.7371,297.87,89,99,1.12,NG,1699936510
504,jayapura,-2.5333,140.7,302.81,86,96,3.08,ID,1699936510
505,tadine,-21.55,167.8833,296.29,57,68,8.28,NC,1699936511
506,kapit,2.0167,112.9333,307.94,49,77,0.85,MY,1699936511
507,nuku'alofa,-21.1333,-175.2,296.34,94,75,8.23,TO,1699936512
508,gantang,26.92,119.6333,291.27,56,99,0.47,CN,1699936512
509,maiyama,12.0841,4.3677,294.72,14,12,4.53,NG,1699936513
510,mili,6.0815,171.735,301.36,78,100,6.92,MH,1699936513
511,belogorsk,50.9158,128.4611,268.5,73,78,1.48,RU,1699936513
512,louis trichardt,-23.0439,29.9032,288.1,93,98,5.8,ZA,1699936514
513,bubaque,11.2833,-15.8333,300.99,67,30,3.39,GW,1699936514
514,igarka,67.4667,86.5833,254.44,84,27,5.48,RU,1699936515
515,ciudad lazaro cardenas,17.9583,-102.2,299.22,83,26,1.42,MX,1699936355
516,coventry,52.4066,-1.5122,283.47,92,96,2.57,GB,1699936321
517,changde,29.0464,111.6783,287.42,39,0,1.33,CN,1699936516
518,luau,-10.7073,22.2247,291.95,86,99,1.37,AO,1699936485
519,wakkanai,45.4094,141.6739,272.64,92,75,4.63,JP,1699936517
520,helong,42.5397,128.9972,278.25,45,0,1.17,CN,1699936517
521,mar del plata,-38.0023,-57.5575,286.53,57,0,5.36,AR,1699936505
522,venustiano carranza,19.43,-99.0992,290.45,67,75,5.14,MX,1699936440
523,massawa,15.6097,39.45,302.32,67,15,2.33,ER,1699936519
524,livadiya,42.8692,132.6764,273.67,40,0,4.21,RU,1699936519
525,linqiong,30.4159,103.4609,283.05,83,100,1.47,CN,1699936520
526,kangdong-up,39.1425,126.0961,279.2,38,89,1.49,KP,1699936520
527,praia,14.9215,-23.5087,298.45,65,0,6.17,CV,1699936283
528,bechar,31.6167,-2.2167,290.54,33,100,0.1,DZ,1699936522
529,burg auf fehmarn,54.4333,11.2,282.62,87,100,16.07,DE,1699936522
530,buenaventura,3.8801,-77.0312,297.69,94,32,0.94,CO,1699936523
531,garissa,-0.4536,39.6401,299.86,74,87,3.27,KE,1699936523
532,bhilwara,25.35,74.6333,297.9,31,100,2.85,IN,1699936524
533,anna regina,7.2644,-58.5077,299.86,82,12,4.15,GY,1699936525
534,cidade velha,14.9167,-23.6167,298.41,65,0,6.17,CV,1699936525
535,island harbour,50.724,-1.2758,287.55,87,88,3.58,GB,1699936525
536,camabatela,-8.1881,15.375,289.94,98,90,0.34,AO,1699936526
537,archangelos,36.2149,28.1149,291.14,76,0,5.75,GR,1699936527
538,cururupu,-1.8283,-44.8683,297.67,86,8,2.18,BR,1699936527
539,la sarre,48.8002,-79.1996,273.09,96,100,4.88,CA,1699936527
540,leava,-14.3,-178.1667,301.8,84,100,7.33,WF,1699936528
541,maceio,-9.6658,-35.7353,296.84,100,20,2.06,BR,1699936441
542,yonan-up,37.9089,126.1611,281.29,56,42,1.82,KP,1699936529
543,andrelandia,-21.7397,-44.3092,293.19,80,81,0.96,BR,1699936530
544,hasaki,35.7333,140.8333,290.37,35,1,1.47,JP,1699936531
545,raduzhny,62.0961,77.475,263.15,89,100,2.7,RU,1699936531
546,le port,-20.9373,55.2919,301.42,75,77,1.0,RE,1699936532
547,ust'-ilimsk,58.0006,102.6619,271.17,95,99,4.47,RU,1699936532
548,berriane,32.8265,3.7669,285.6,56,0,0.81,DZ,1699936533
549,taoudenni,22.6783,-3.9836,295.79,20,11,6.07,ML,1699936533
550,paoua,7.2427,16.4406,294.41,88,64,1.06,CF,1699936534
551,nazyvayevsk,55.5698,71.3529,276.58,83,100,6.64,RU,1699936534
552,andkhoy,36.9529,65.1238,290.2,33,15,7.21,AF,1699936535
553,yoloten,37.2989,62.3597,290.37,34,29,6.23,TM,1699936535
554,mitsamiouli,-11.3847,43.2844,300.97,75,74,2.74,KM,1699936536
555,menongue,-14.6585,17.691,293.51,65,51,1.44,AO,1699936536
556,santa maria,-29.6842,-53.8069,292.59,98,100,1.61,BR,1699936462
557,tshikapa,-6.4167,20.8,294.19,91,92,0.97,CD,1699936537
558,akureyri,65.6835,-18.0878,276.11,75,100,1.03,IS,1699936538
559,port blair,11.6667,92.75,301.17,83,100,2.06,IN,1699936538
560,churapcha,62.0025,132.4325,253.41,97,85,1.22,RU,1699936539
561,murghob,38.1702,73.9667,264.86,46,0,1.07,TJ,1699936540
562,baie-saint-paul,47.4411,-70.4986,270.92,81,3,1.33,CA,1699936540
563,anloga,5.7947,0.8973,300.34,83,0,2.94,GH,1699936541
564,chaparral,3.7232,-75.4832,293.75,86,12,1.95,CO,1699936542
565,pisco,-13.7,-76.2167,291.49,88,5,0.0,PE,1699936479
566,conceicao da barra,-18.5933,-39.7322,295.79,88,65,2.77,BR,1699936543
567,burao,9.5221,45.5336,296.05,52,73,3.41,SO,1699936544
568,tucuma,-0.1833,-50.05,297.9,86,99,2.69,BR,1699936544
569,urengoy,65.9667,78.3667,253.7,99,25,3.08,RU,1699936545
570,pampierstad,-27.7832,24.6877,292.14,51,0,4.11,ZA,1699936545
571,nokha,27.6,73.4167,297.61,27,100,3.55,IN,1699936546
572,pemangkat,1.1667,108.9667,303.1,69,66,3.54,ID,1699936546
573,cibitoke,-2.8833,29.25,291.27,84,83,0.6,BI,1699936547
574,persembe,41.0656,37.7714,290.83,92,100,8.4,TR,1699936547
575,yazman,29.1212,71.7446,298.43,27,54,2.42,PK,1699936547
576,chadan,51.2833,91.5833,265.79,93,94,0.88,RU,1699936548
577,nobres,-14.7203,-56.3275,299.07,52,92,1.27,BR,1699936548
578,desaguadero,-16.5656,-69.0417,283.86,59,25,1.43,PE,1699936548
579,macau,22.2006,113.5461,295.85,73,40,6.69,MO,1699936549
580,fort st. john,56.2499,-120.8529,269.09,86,0,5.14,CA,1699936549
581,carbonia,39.1672,8.5222,288.51,95,23,1.29,IT,1699936549
582,aleg,17.0481,-13.9209,300.32,10,43,5.27,MR,1699936550
583,kili,5.6439,169.1211,300.36,81,100,2.36,MH,1699936550
584,bongouanou,6.6486,-4.1992,295.13,99,19,0.84,CI,1699936550
585,ulaangom,49.9811,92.0667,270.23,81,78,0.34,MN,1699936551
586,pandan,14.0453,124.1694,300.57,86,92,7.58,PH,1699936551
587,brisas barra de suchiate,14.55,-92.2167,299.25,82,87,1.93,MX,1699936551
588,nguigmi,14.2495,13.1092,298.66,27,99,5.74,NE,1699936552
589,coahuayana de hidalgo,18.7,-103.6583,298.76,83,10,1.32,MX,1699936552
590,ploudalmezeau,48.5333,-4.65,287.44,94,100,8.23,FR,1699936552
591,mil'kovo,55.6078,37.7956,277.27,91,100,5.2,RU,1699936553
592,palikir - national government center,6.9248,158.1611,302.62,79,100,1.54,FM,1699936553
593,kodinsk,58.6881,99.1844,273.95,88,100,5.02,RU,1699936553
594,gorontalo,0.5412,123.0595,305.19,60,52,1.61,ID,1699936554
595,usogorsk,63.4106,48.6872,272.41,94,100,2.6,RU,1699936554
596,williams lake,52.1415,-122.1445,274.91,77,100,2.06,CA,1699936554
597,bacalar,18.6667,-88.3833,297.18,97,100,1.72,MX,1699936555
598,felipe carrillo puerto,19.5833,-88.05,296.72,99,100,0.96,MX,1699936555
599,yokadouma,3.5167,15.05,294.14,99,85,0.78,CM,1699936555
600,alvaraes,-3.2208,-64.8042,299.52,74,89,0.24,BR,1699936556
601,hotan,37.0997,79.9269,284.19,17,100,2.69,CN,1699936556
602,gaozhou,21.9392,110.8461,296.28,60,48,2.11,CN,1699936556
603,prince rupert,54.3161,-130.3201,280.2,67,75,5.14,CA,1699936557
604,alesund,62.4723,6.1549,275.24,79,0,2.57,NO,1699936557
605,vohipaho,62.4723,6.1549,275.24,79,0,2.57,NO,1699936557
606,kingaroy,-26.5333,151.8333,307.56,23,0,2.73,AU,1699936558
607,wynyard,-41.0,145.7167,293.82,33,79,3.26,AU,1699936558
608,reggane,26.7158,0.1714,293.42,29,4,5.47,DZ,1699936558
